{
    "Test Case": {
        "Subject": "today",
        "Body": "Yay\n\n\n",
        "To": "<Jarrod.Rudis@libertymutual.com>",
        "CC": "<jarrod.Rudis@libertymutual.com>",
        "From": "<digitalmail_016C@libertymutual.com>"
    },
    "1099 RTS Undeliverable": {
        "Subject": "1099 RTS-UNDELIVERABLE",
        "Body": "\n",
        "To": "<1099LM@LibertyMutual.com>",
        "CC": "",
        "From": "<digitalmail_016C@libertymutual.com>"
    },
    "9502": {
        "Subject": "today",
        "Body": "Attached is a copy of the 9502 RTS\n",
        "To": "<Corro@LibertyMutual.com>",
        "CC": "",
        "From": "<digitalmail_016C@libertymutual.com>"
    },
    "Auto Policy": {
        "Subject": "Auto Policy",
        "Body": "Hello, \n\nThis email contains Auto Policy documents. \n\nThank you, \n ",
        "To": "<LMDocuments@LibertyMutual.com>",
        "CC": "",
        "From": "<digitalmail_016C@libertymutual.com>"
    },
    "Broker Statements": {
        "Subject": "Broker Statements",
        "Body": "Hi there, \n\nThis email containes a Broker Statement. \n\nThank you, \n",
        "To": "<JILL.HOGAN@LibertyMutual.com>; <KANDI.LAVICKA@LibertyMutual.com>",
        "CC": "",
        "From": "<digitalmail_016C@libertymutual.com>"
    },
    "Business Bankruptcy": {
        "Subject": "LB Bankruptcy Documents",
        "Body": "Hi Jacquelyn, \n\nThis email contains Business Bankruptcy documents. \n\nThank you, \n",
        "To": "<Jacquelyn.Lawson@libertymutual.com>",
        "CC": "",
        "From": "<BSC_Dover_West@libertymutual.com>"
    },
    "Certified - Notice of Cancellation RTS": {
        "Subject": "Certified - Notice of Cancellation",
        "Body": "Hello, \n\nThis email contains a Certified Notice of Cancellation, returned as undeliverable. \n\nThank you, \n",
        "To": "<LMDocuments@LibertyMutual.com>",
        "CC": "",
        "From": "<Jarrod.Rudis@libertymutual.com>"
    },
    "Confirmation of Financed Policy": {
        "Subject": "Iron Shore Specialty Inc. Co.",
        "Body": "Hello, \n\nThis email contains a Confirmation of Financed Policy. \n\nThank you, \n",
        "To": "<IronshoreacctsUS@ironshore.com>",
        "CC": "",
        "From": "<digitalmail_016C@libertymutual.com>"
    },
    "Coverage Forms": {
        "Subject": "Coverage Forms",
        "Body": "Hello, \n\nThis email contains a Coverage Form. \n\nThank you, \n",
        "To": "<LMDocuments@LibertyMutual.com>",
        "CC": "",
        "From": "<digitalmail_016C@libertymutual.com>"
    },
    "CRC Address Change/Update": {
        "Subject": "Address Change/Update",
        "Body": "Hi there, \n\nAttached is one address change. \n\nThank you, \n",
        "To": "<LMDocuments@LibertyMutual.com>",
        "CC": "",
        "From": "<digitalmail_016C@libertymutual.com>"
    },
    "Foreclosure Form": {
        "Subject": "Foreclosure Form",
        "Body": "Hello, \n\nThis email contains Foreclosure documents. \n\nThank you, \n",
        "To": "<PhoenixRightFax@LibertyMutual.com>",
        "CC": "",
        "From": "<digitalmail_016C@libertymutual.com>"
    },
    "Holder in Due Course": {
        "Subject": "Holder in Due Course",
        "Body": "Hello, \n\n A Holder in Due Course is attached. \n\nThanks, \n",
        "To": "<CorporateTreasuryControls@LibertyMutual.com>",
        "CC": "",
        "From": "<digitalmail_016C@libertymutual.com>"
    },
    "Homeowners Policy": {
        "Subject": "Homeowner's policy",
        "Body": "Hello, \n\nAttached are documents regarding a homeowner's policy. \n\nThank you, \n",
        "To": "<LMDocuments@LibertyMutual.com>",
        "CC": "",
        "From": "<digitalmail_016C@libertymutual.com>"
    },
    "LB Bankruptcy Documents": {
        "Subject": "LC Bankruptcy Documents",
        "Body": "Hi jacquelyn, \n\nThis email contains Business Bankruptcy. \n\nThank you, \n",
        "To": "<Jacquelyn.Lawson@libertymutual.com>",
        "CC": "<Telisha.Ward@LibertyMutual.com>",
        "From": "<digitalmail_016C@libertymutual.com>"
    },
    "Notice of Cancellation (Ironshore)": {
        "Subject": "Iron Shore Specialty Ins. Co.",
        "Body": "Hello, \n\nAttached is one Notice of Cancellation. \n\nThank you, \n",
        "To": "<IronshoreacctsUS@ironshore.com>",
        "CC": "",
        "From": "<digitalmail_016C@libertymutual.com>"
    },
    "Notice of Financed Premium": {
        "Subject": "Iron Shore Specialty Ins. Co.",
        "Body": "Hello, \n\nAttached is one Notice of Financed Premium. \n\nThank you, \n",
        "To": "<IronshoreacctsUS@ironshore.com>",
        "CC": "",
        "From": "<digitalmail_016C@libertymutual.com>"
    },
    "Notice of Insurance Requirements": {
        "Subject": "Notice of Insurance Requirements",
        "Body": "Hello, \n\nThis email contains a Notice of Insurance Requirement. \n\nThank you, \n",
        "To": "<LMDocuments@LibertyMutual.com>",
        "CC": "",
        "From": "<Jarrod.Rudis@libertymutual.com>"
    },
    "Notice of Request for Reinstatement": {
        "Subject": "Notice of Request for Reinstatement",
        "Body": "Hello, \n\nThis email contains a Notice of Request for Reinstatement. \n\nThank you, \n",
        "To": "<PFNPLANO@LibertyMutual.com>",
        "CC": "",
        "From": "<digitalmail_016C@libertymutual.com>"
    },
    "Occupancy Form": {
        "Subject": "Occupancy Form",
        "Body": "Hello, \n\nThis email contains documents regarding an Occupancy. \n\nThank you, \n",
        "To": "<PhoenixRightFax@LibertyMutual.com>",
        "CC": "",
        "From": "<digitalmail_016C@libertymutual.com>"
    },
    "Personal Bankruptcy": {
        "Subject": "Bankruptcy Documents",
        "Body": "Hello, \n\nThis email contains Personal Bankruptcy documents. \n\nThank you, \n",
        "To": "<PLFOBankruptcies@LibertyMutual.com>",
        "CC": "",
        "From": "<digitalmail_016C@libertymutual.com>"
    },
    "Policy Cancellation": {
        "Subject": "Policy Cancellation",
        "Body": "Hello, \n\nThere are Policy Cancellation documents attached. \n\nThank you, \n",
        "To": "<LMDocuments@LibertyMutual.com>",
        "CC": "",
        "From": "<digitalmail_016C@libertymutual.com>"
    },
    "Treasury Address Change": {
        "Subject": "Address Change",
        "Body": "Hello, \n\nThere is one Treasury Address Change attached. \n\nThank you, \n",
        "To": "<ContactCenterAdminProviderRequests@LibertyMutual.com>",
        "CC": "",
        "From": "<digitalmail_016C@libertymutual.com>"
    },
    "Vacancy Form": {
        "Subject": "Vacancy Form",
        "Body": "Hello, \n\nThis email contains documents regarding a Vacancy. \n\nThank you, \n",
        "To": "<PhoenixRightFax@LibertyMutual.com>",
        "CC": "",
        "From": "<digitalmail_016C@libertymutual.com>"
    },
    "W-9 PROCESSING": {
        "Subject": "W-9 PROCESSING",
        "Body": "Hello, \n\nThis email contains (1) W-9 Tax Form. \n\nThank you",
        "To": "<1099LM@LibertyMutual.com>",
        "CC": "",
        "From": "<digitalmail_016C@libertymutual.com>"
    },
    "W9 RETURNS WITHOUT FORWARDING ADDRESS": {
        "Subject": "W9 RETURNS WITHOUT FORWARDING ADDRESS",
        "Body": "Hello, \n\nAttached is one W-9 Return to Sender without a forwarding address. \n\nThank you, \n",
        "To": "<1099LM@LibertyMutual.com>",
        "CC": "",
        "From": "<digitalmail_016C@libertymutual.com>"
    },
    "1099 RTS-UNDELIVERABLE": {
        "Subject": "1099 RTS-UNDELIVERABLE",
        "Body": "\n",
        "To": "<1099LM@LibertyMutual.com> ",
        "CC": "",
        "From": ""
    }
}